{
  "structures": [
    {
      "lattice": [
        [
          4.192,
          0.0,
          0.0
        ],
        [
          0.0,
          4.192,
          0.0
        ],
        [
          0.0,
          0.0,
          4.192
        ]
      ],
      "species": [
        "Ba",
        "Zr",
        "O",
        "O",
        "O"
      ],
      "coords": [
        [
          0.0,
          0.0,
          0.0
        ],
        [
          0.5,
          0.5,
          0.5
        ],
        [
          0.5,
          0.5,
          0.0
        ],
        [
          0.5,
          0.0,
          0.5
        ],
        [
          0.0,
          0.5,
          0.5
        ]
      ]
    },
    {
      "lattice": [
        [
          4.1930000000000005,
          0.0,
          0.0
        ],
        [
          0.0,
          4.1930000000000005,
          0.0
        ],
        [
          0.0,
          0.0,
          4.1930000000000005
        ]
      ],
      "species": [
        "Ba",
        "Zr",
        "O",
        "O",
        "O"
      ],
      "coords": [
        [
          0.001,
          0.001,
          0.001
        ],
        [
          0.501,
          0.501,
          0.501
        ],
        [
          0.501,
          0.501,
          0.001
        ],
        [
          0.501,
          0.001,
          0.501
        ],
        [
          0.001,
          0.501,
          0.501
        ]
      ]
    },
    {
      "lattice": [
        [
          4.194,
          0.0,
          0.0
        ],
        [
          0.0,
          4.194,
          0.0
        ],
        [
          0.0,
          0.0,
          4.194
        ]
      ],
      "species": [
        "Ba",
        "Zr",
        "O",
        "O",
        "O"
      ],
      "coords": [
        [
          0.002,
          0.002,
          0.002
        ],
        [
          0.502,
          0.502,
          0.502
        ],
        [
          0.502,
          0.502,
          0.002
        ],
        [
          0.502,
          0.002,
          0.502
        ],
        [
          0.002,
          0.502,
          0.502
        ]
      ]
    },
    {
      "lattice": [
        [
          4.195,
          0.0,
          0.0
        ],
        [
          0.0,
          4.195,
          0.0
        ],
        [
          0.0,
          0.0,
          4.195
        ]
      ],
      "species": [
        "Ba",
        "Zr",
        "O",
        "O",
        "O"
      ],
      "coords": [
        [
          0.003,
          0.003,
          0.003
        ],
        [
          0.503,
          0.503,
          0.503
        ],
        [
          0.503,
          0.503,
          0.003
        ],
        [
          0.503,
          0.003,
          0.503
        ],
        [
          0.003,
          0.503,
          0.503
        ]
      ]
    },
    {
      "lattice": [
        [
          4.196,
          0.0,
          0.0
        ],
        [
          0.0,
          4.196,
          0.0
        ],
        [
          0.0,
          0.0,
          4.196
        ]
      ],
      "species": [
        "Ba",
        "Zr",
        "O",
        "O",
        "O"
      ],
      "coords": [
        [
          0.004,
          0.004,
          0.004
        ],
        [
          0.504,
          0.504,
          0.504
        ],
        [
          0.504,
          0.504,
          0.004
        ],
        [
          0.504,
          0.004,
          0.504
        ],
        [
          0.004,
          0.504,
          0.504
        ]
      ]
    },
    {
      "lattice": [
        [
          4.197,
          0.0,
          0.0
        ],
        [
          0.0,
          4.197,
          0.0
        ],
        [
          0.0,
          0.0,
          4.197
        ]
      ],
      "species": [
        "Ba",
        "Zr",
        "O",
        "O",
        "O"
      ],
      "coords": [
        [
          0.005,
          0.005,
          0.005
        ],
        [
          0.505,
          0.505,
          0.505
        ],
        [
          0.505,
          0.505,
          0.005
        ],
        [
          0.505,
          0.005,
          0.505
        ],
        [
          0.005,
          0.505,
          0.505
        ]
      ]
    },
    {
      "lattice": [
        [
          4.198,
          0.0,
          0.0
        ],
        [
          0.0,
          4.198,
          0.0
        ],
        [
          0.0,
          0.0,
          4.198
        ]
      ],
      "species": [
        "Ba",
        "Zr",
        "O",
        "O",
        "O"
      ],
      "coords": [
        [
          0.006,
          0.006,
          0.006
        ],
        [
          0.506,
          0.506,
          0.506
        ],
        [
          0.506,
          0.506,
          0.006
        ],
        [
          0.506,
          0.006,
          0.506
        ],
        [
          0.006,
          0.506,
          0.506
        ]
      ]
    },
    {
      "lattice": [
        [
          4.199,
          0.0,
          0.0
        ],
        [
          0.0,
          4.199,
          0.0
        ],
        [
          0.0,
          0.0,
          4.199
        ]
      ],
      "species": [
        "Ba",
        "Zr",
        "O",
        "O",
        "O"
      ],
      "coords": [
        [
          0.007,
          0.007,
          0.007
        ],
        [
          0.507,
          0.507,
          0.507
        ],
        [
          0.507,
          0.507,
          0.007
        ],
        [
          0.507,
          0.007,
          0.507
        ],
        [
          0.007,
          0.507,
          0.507
        ]
      ]
    },
    {
      "lattice": [
        [
          4.2,
          0.0,
          0.0
        ],
        [
          0.0,
          4.2,
          0.0
        ],
        [
          0.0,
          0.0,
          4.2
        ]
      ],
      "species": [
        "Ba",
        "Zr",
        "O",
        "O",
        "O"
      ],
      "coords": [
        [
          0.008,
          0.008,
          0.008
        ],
        [
          0.508,
          0.508,
          0.508
        ],
        [
          0.508,
          0.508,
          0.008
        ],
        [
          0.508,
          0.008,
          0.508
        ],
        [
          0.008,
          0.508,
          0.508
        ]
      ]
    },
    {
      "lattice": [
        [
          4.2010000000000005,
          0.0,
          0.0
        ],
        [
          0.0,
          4.2010000000000005,
          0.0
        ],
        [
          0.0,
          0.0,
          4.2010000000000005
        ]
      ],
      "species": [
        "Ba",
        "Zr",
        "O",
        "O",
        "O"
      ],
      "coords": [
        [
          0.009000000000000001,
          0.009000000000000001,
          0.009000000000000001
        ],
        [
          0.509,
          0.509,
          0.509
        ],
        [
          0.509,
          0.509,
          0.009000000000000001
        ],
        [
          0.509,
          0.009000000000000001,
          0.509
        ],
        [
          0.009000000000000001,
          0.509,
          0.509
        ]
      ]
    }
  ],
  "labels": {
    "energies": [
      -41.72459923,
      -41.729599230000005,
      -41.73459923,
      -41.73959923,
      -41.744599230000006,
      -41.74959923,
      -41.754599230000004,
      -41.75959923,
      -41.76459923,
      -41.769599230000004
    ],