{"E_total": -593.30810546875, "elapsed": 35.86379790306091}