{"E_total": -593.3019409179688, "elapsed": 81.73918414115906}