{"E_total": -588.4804077148438, "elapsed": 24.8457772731781}