{"E_total": -588.8359375, "elapsed": 44.79606795310974}