{"E_total": -588.1805419921875, "elapsed": 7.741849899291992}