{
  "OH": {
    "E_gas": -8.950783729553223,
    "E_slab": -578.9431762695312,
    "E_total_best": -588.8359375,
    "best_offset": "ofst_0.5_0.0",
    "E_ads_best": -0.94195556640625,
    "offsets": {
      "ofst_0.0_0.0": {
        "E_total": -588.1805419921875,
        "elapsed": 7.741849899291992
      },
      "ofst_0.5_0.0": {
        "E_total": -588.8359375,
        "elapsed": 44.79606795310974
      },
      "ofst_0.33_0.33": {
        "E_total": -588.4804077148438,
        "elapsed": 24.8457772731781
      }
    }
  },
  "HO2": {
    "E_gas": -13.17492389678955,
    "E_slab": -578.9431762695312,
    "E_total_best": -593.30810546875,
    "best_offset": "ofst_0.0_0.0",
    "E_ads_best": -1.19000244140625,
    "offsets": {
      "ofst_0.0_0.0": {
        "E_total": -593.30810546875,
        "elapsed": 35.86379790306091
      },
      "ofst_0.5_0.0": {
        "E_total": -593.3019409179688,
        "elapsed": 81.73918414115906
      },
      "ofst_0.33_0.33": {
        "E_total": -593.2330322265625,
        "elapsed": 69.29476976394653
      }
    }
  },
  "O": {
    "E_gas": -3.195948600769043,
    "E_slab": -578.9431762695312,
    "E_total_best": -584.8267822265625,
    "best_offset": "ofst_0.5_0.0",
    "E_ads_best": -2.68768310546875,
    "offsets": {
      "ofst_0.0_0.0": {
        "E_total": -583.757568359375,
        "elapsed": 19.868855953216553
      },
      "ofst_0.5_0.0": {
        "E_total": -584.8267822265625,
        "elapsed": 41.82987403869629
      },
      "ofst_0.33_0.33": {
        "E_total": -584.8253784179688,
        "elapsed": 17.359586000442505
      }
    }
  },
  "O2": {
    "E_gas": -9.80252456665039
  },
  "H2O": {
    "E_gas": -14.132852554321289
  },
  "H2": {
    "E_gas": -6.6929612159729
  }
}