{"E_total": -584.8253784179688, "elapsed": 17.359586000442505}