{"E_total": -583.757568359375, "elapsed": 19.868855953216553}