{"E_total": -593.2330322265625, "elapsed": 69.29476976394653}