{"E_total": -584.8267822265625, "elapsed": 41.82987403869629}